"consumption_data","consumption_data_unit_id","emission_factor","emission_factor_unit","emission_tCO2e","starting_year","organisation_id","emission_type_id","emission_source_id","scope_id","comment"
63718617.0,681539.0,0.18316,"kg CO2e/kWh",11670.701889719998,2021,3999111,8137,91274938.0,4311,"Natural Gas"
989315.0,681539.0,0.25679,"kg CO2e/kWh",254.04619885,2021,3999111,8137,"",4311,"Gas oil  "
43084.0,681539.0,0.24677,"kg CO2e/kWh",10.63183868,2021,3999111,8137,"",4311,"Kerosine Burning Oil"
277773.0,681538.0,0.1467,"kgCO2e/km",40.7492991,2021,3999111,8151,"",4311,"Small commercial vehicle "
1329452.0,681538.0,0.24116,"kgCO2e/km",320.61064432,2021,3999111,8151,"",4311,"Large commercial vehicle "
37071.0,681538.0,0.78968,"kgCO2e/km",29.27422728,2021,3999111,8151,"",4311,"HGV"
5236.0,"",0.11774,"kg CO2e/passenger km",0.6164866400000001,2021,3999111,8151,"",4311,"Busses"
2144160.0,681538.0,0.14946,"kg CO2e/km",320.46615360000004,2021,3999111,8151,"",4311,"Pool cars "
9469440.0,681539.0,0.01513,"kg CO2e/kWh",143.2726272,2021,3999111,8151,"",4311,"Biomass woodpellet"
618585.0,681539.0,0.01513,"kg CO2e/kWh",9.35919105,2021,3999111,8151,"",4311,"Biomass woodchip "
0.23,681537.0,1430.0,"kg CO2e",0.3289,2021,3999111,8151,"",4311,"F-Gas - R123a "
1.78,681537.0,3922.0,"kg CO2e",6.98116,2021,3999111,8151,"",4311,"F-Gas - R404a"
0.8,681537.0,2088.0,"kg CO2e",1.6704,2021,3999111,8151,"",4311,"F-Gas - R410a"
26503005.0,681539.0,0.21233,"kg CO2e/kWh",5627.383051650001,2021,3999111,8136,"",4312,"Grid Electricity "
26503005.0,681539.0,0.0187899999999999,"kg CO2e/kWh",497.99146395,2021,3999111,8136,"",4313,"Grid Losses - Electricity "
306458.0,"",0.11,"kg CO2e/m3",33.71038,2021,3999111,8138,"",4313,"Water - Supply "
306458.0,"",0.23,"kg CO2e/m3",70.48534,2021,3999111,8138,"",4313,"Water - treatment "
1679667.0,681538.0,0.16843,"kg CO2e/km",282.90631281,2021,3999111,8151,"",4313,"Business Travel - desiel small engine unknown size"
2970106.0,681538.0,0.17431,"kg CO2e/ km",517.7191768600001,2021,3999111,8151,"",4313,"Business Travel - Petrol average size "
117046.0,681538.0,0.11952,"kg CO2e/km",13.98933792,2021,3999111,8151,"",4313,"Business Travel - Hybrid Car "
23915.0,681538.0,0.05477,"kg CO2e/km",1.30982455,2021,3999111,8151,"",4313,"Business Travel - Electric Car average "
1770455.85542,681538.0,0.17148,"kg CO2e/km",303.5977700874216,2021,3999111,8151,"",4313,"Business Travel - Car unknown fuel "
356196.0,"",0.14876,"kg CO2e/passenger km",52.98771696,2021,3999111,8151,"",4313,"Taxi contract for Business Travel "
454.0,"",0.14876,"kg CO2e/passenger km",0.06753704,2021,3999111,8151,"",4313,"Taxi's - staff expense "
16541.0,"",0.15102,"kg CO2e/passenger km",2.4980218200000004,2021,3999111,8151,"",4313,"Planes - Domestic short haul "
11888.0,"",0.15102,"kg CO2e/passenger km",1.79532576,2021,3999111,8151,"",4313,"Planes - Domestic - staff Expenses "
10361.0,"",0.03549,"kg CO2e/passenger km",0.36771189,2021,3999111,8151,"",4313,"Trains - corporate travel account"
19787.0,"",0.03549,"kg CO2e/passenger km",0.70224063,2021,3999111,8151,"",4313,"Trains - Staff Expenses "
15992.0,"",0.11774,"kg CO2e/passenger km",1.88289808,2021,3999111,8151,"",4313,"Busses - Patient travel vouchers"
14447.0,"",0.11774,"kg CO2e/passenger km",1.70098978,2021,3999111,8151,"",4313,"Busses - staff expenses "
5205.0,"",0.129517,"kg CO2e/passenger km",0.674135985,2021,3999111,8151,"",4313,"Ferry - staff expenses "
3.1,681547.0,8.950697674418604,"kgCO2e/tonne",0.0277471627906976,2021,3999111,8140,"",4313,"Waste - Food"
279.18,681547.0,21.293565891472863,"kgCO2e/tonne",5.944737725581396,2021,3999111,8140,"",4313,"Waste - Paper and Card"
34.3,681547.0,21.293565891472863,"kg CO2e/tonne",0.7303693100775193,2021,3999111,8140,"",4313,"Waste - Dry Mix Recycling"
1090.73,681547.0,273.0,"kg CO2e/tonne",297.76929,2021,3999111,8140,91275172.0,4313,"Waste - Orange Clinical "
182.1,681547.0,297.0,"kg CO2e/tonne",54.0837,2021,3999111,8140,91275175.0,4313,"Waste - Yellow Clinical"
2.66,681547.0,1000.0,"kg CO2e/tonne",2.66,2021,3999111,8140,91275174.0,4313,"Waste - Red Clinical "
10.7,681547.0,21.293565891472863,"kgCO2e/tonne",0.2278411550387596,2021,3999111,8140,"",4313,"Waste - Glass reycling "
1042.3,681547.0,21.293565891472863,"kgCO2e/tonne",22.19428372868217,2021,3999111,8140,"",4313,"Waste - Refuse to combustion "
10.1,681547.0,8.950697674418604,"kgCO2e/tonne",0.0904020465116279,2021,3999111,8140,"",4313,"Waste - Garden "
5.6,681547.0,21.293565891472863,"kgCO2e/tonne",0.119243968992248,2021,3999111,8140,"",4313,"Waste - scrap metal "
0.036,"",0.3,"tCO2e/FTE/annum",103.18536,2021,3999111,8151,"",4313,"Home Working "
3.74,"",510.0,"tonnes CO2e",1.9074,2021,3999111,8151,91275275.0,4311,"Isoflurane "
305.9,"",130.0,"tonnes CO2e",39.767,2021,3999111,8151,91275275.0,4311,"Sevoflurane"
16.074,"",2540.0,"tonnes CO2e",40.82796,2021,3999111,8151,91275275.0,4311,"Desflurane"
2586.39593908629,"",298.0,"tonnes CO2e",770.7459898477144,2021,3999111,8151,91275275.0,4311,"Anaesthetic Nitrous Oxide "
372.62,"",298.0,"tonnes CO2e",111.04076,2021,3999111,8151,91275275.0,4311,"Portable Entonox "
2177.66,"",298.0,"tonnes CO2e",648.9426799999999,2021,3999111,8151,91275275.0,4311,"Maternity Manifold Entonox "
1.0,681537.0,1397.0,"kg CO2e",1.397,2021,3999111,8151,91275275.0,4311,"F-Gas - R449a"
1770.2,"",3220.0,"tonnes CO2e",5547.0,2021,3999111,8151,91275275.0,4313,"Inhalers - Primary Care "
41.92,"",3220.0,"tonnes CO2e",133.7,2021,3999111,8151,91275275.0,4313,"Inhalers - Secondary Care"
42.7,681547.0,0.989,"kg/CO2e per tonnes ",0.0422303,2021,3999111,8151,91275275.0,4313,"Waste - construction "
8097720.0,681539.0,0.21233,"kg CO2e/kWh",1719.3888876000003,2021,3999112,8136,"",4312,"Source: eSight Energy Management System"
8097720.0,681539.0,0.0187899999999999,"kg CO2e/kWh",152.1561588,2021,3999112,8136,"",4312,"Source: eSight Energy Management System"
24011894.0,681539.0,0.18316,"kg CO2e/kWh",4398.0185050400005,2021,3999112,8137,91274938.0,4311,"Source: eSight Energy Management System"
1581780.0,681539.0,0.01513,"kg CO2e/kWh",23.9323314,2021,3999112,8137,"",4311,"Source: eSight Energy Management System"
87991.0,"",0.11,"kg CO2e/m3",9.67901,2021,3999112,8138,"",4312,"Source: eSight Energy Management System"
87991.0,"",0.23,"kg CO2e/m3",20.23793,2021,3999112,8138,"",4312,"Source: eSight Energy Management System"
295.0,681547.0,21.293565891472863,"kgCO2e/tonne",6.281601937984496,2021,3999112,8140,"",4313,"Source: Scottish Borders Council Refuse Report"
0.0,681547.0,1000.0,"kg CO2e/tonne",0.0,2021,3999112,8140,91275174.0,4313,"Source: Tradebe National Clinical Waste Provider"
367.2,681547.0,273.0,"kg CO2e/tonne",100.2456,2021,3999112,8140,91275172.0,4313,"Source: Tradebe National Clinical Waste Provider"
15.3,681547.0,297.0,"kg CO2e/tonne",4.5441,2021,3999112,8140,91275175.0,4313,"Source: Tradebe National Clinical Waste Provider"
190.0,681547.0,21.293565891472863,"kg CO2e/tonne",4.045777519379845,2021,3999112,8140,"",4313,"Source: Scottish Borders Council Refuse Report"
0.21,"",0.3,"tCO2e/FTE/annum",177.912,2021,3999112,8151,"",4313,"Estimated based on head count"
54909665.0,681539.0,0.1825399999999999,"kg CO2e/kWh",10023.2102491,2022,3999111,8137,91274938.0,4311,"Natural Gas "
122979.0,681541.0,2.75857,"kg CO2e/litres",339.24618003000006,2022,3999111,8137,91274934.0,4311,"Gas Oil A2 class"
3187.0,681541.0,2.54013,"kg CO2e/litres",8.09539431,2022,3999111,8137,91274929.0,4311,"Kerosene"
280256.0,681543.0,0.22836,"kg CO2e/miles",63.999260160000006,2022,3999111,8143,91275154.0,4311,"Fleet - Small Commercial - Van Class 1 "
1389358.0,681543.0,0.37268,"kg CO2e/miles",517.78593944,2022,3999111,8143,91275151.0,4311,"Fleet - Large Commercial - Van average"
37989.0,681543.0,1.43329,"kg CO2e/miles",54.44925381,2022,3999111,8143,91275146.0,4311,"Fleet - HGV"
3863.0,681543.0,1.35282,"kg CO2e/miles",5.22594366,2022,3999111,8143,91275147.0,4311,"Fleet - Busses "
2171642.0,681543.0,0.2358,"kg CO2e/miles",512.0731836,2022,3999111,8141,91275106.0,4311,"Fleet - Pool cars - Small - Petrol "
17805024.0,681539.0,0.01053,"kg CO2e/kWh",187.48690272,2022,3999111,8144,91274924.0,4311,"Biomass - Wood Pellets "
542470.0,681539.0,0.01053,"kg CO2e/kWh",5.7122091,2022,3999111,8144,91274923.0,4311,"Biomass - Wood chips"
4.354,681537.0,1430.0,"kg CO2e/kg",6.2262200000000005,2022,3999111,8139,91275024.0,4311,"F Gas - R134a"
1.98,681537.0,3922.0,"kg CO2e/kg",7.76556,2022,3999111,8139,91275026.0,4311,"F-Gas - R404a"
27.8,681537.0,2088.0,"kg CO2e/kg",58.0464,2022,3999111,8139,91275028.0,4311,"F-Gas - R410a"
0.018,681537.0,3.0,"kg CO2e/kg",5.399999999999999e-05,2022,3999111,8139,91275072.0,4311,"F-Gas - R600a"
26415548.0,681539.0,0.19338,"kg CO2e/kWh",5108.238672240001,2022,3999111,8136,91274925.0,4312,"Grid Electricity "
17622.0,681539.0,0.19338,"kg CO2e/kWh",3.40774236,2022,3999111,8136,91274925.0,4312,"EV Fleet "
317999.0,681535.0,0.1,"kg CO2e/cubic metres",31.7999,2022,3999111,8138,91275273.0,4313,"Water - Supply "
26415548.0,681539.0,0.01769,"kg CO2e/kWh",467.29104412,2022,3999111,8136,91274926.0,4313,"Electricity - T&D losses"
317999.0,681535.0,0.19,"kg CO2e/cubic metres",60.41981,2022,3999111,8138,91275274.0,4313,"Water - Waste Treatment"
1858684.0,681538.0,0.17082414,"kg CO2e/km",317.50809583176004,2022,3999111,8141,91275079.0,4313,"Business Travel - diesel "
3614393.0,681538.0,0.17048,"kg CO2e/km",616.18171864,2022,3999111,8141,91275081.0,4313,"Business Travel - petrol "
67597.0,681538.0,0.12004,"kg CO2e/km",8.11434388,2022,3999111,8141,91275080.0,4313,"Business Travel - Hybrid "
231945.0,681538.0,0.0514,"kg CO2e/km",11.921973,2022,3999111,8141,91275077.0,4313,"Business Travel - Electric "
286296.0,681538.0,0.17067,"kg CO2e/km",48.86213832,2022,3999111,8141,91275082.0,4313,"Business Travel - Unknown "
408202.0,681538.0,0.20826,"kg CO2e/km",85.01214852,2022,3999111,8142,91275136.0,4313,"Business Travel - Taxi's "
1054.73,681538.0,0.20826,"kg CO2e/km",0.2196580698,2022,3999111,8142,91275136.0,4313,"Business Travel - Taxi's expenses"
132195.0,681545.0,0.15102,"kg CO2e/passenger.km",19.964088900000004,2022,3999111,8142,91275129.0,4313,"Business Travel - Planes (corporate) "
45314.0,681545.0,0.15102,"kg CO2e/passenger.km",6.843320280000001,2022,3999111,8142,91275129.0,4313,"Business Travel - Planes (expenses)"
38872.0,681545.0,0.03549,"kg CO2e/passenger.km",1.37956728,2022,3999111,8142,91275135.0,4313,"Business Travel - Trains (corporate) "
101729.0,681545.0,0.03549,"kg CO2e/passenger.km",3.61036221,2022,3999111,8142,91275135.0,4313,"Business Travel - Trains  "
14929.0,681545.0,0.0965,"kg CO2e/passenger.km",1.4406485,2022,3999111,8142,91275110.0,4313,"Business Travel - Bus (patient vouchers) "
13542.0,681545.0,0.0965,"kg CO2e/passenger.km",1.3068030000000002,2022,3999111,8142,91275110.0,4313,"Business Travel - Bus (expenses) "
6451.0,681545.0,0.112862,"kg CO2e/passenger.km",0.728072762,2022,3999111,8142,91275113.0,4313,"Business Travel - Ferry (expenses) "
49.31,681547.0,8.910581395348837,"kg CO2e/tonnes",0.4393807686046511,2022,3999111,8140,91275206.0,4313,"Waste - food and drink organic waste"
310.37,681547.0,21.28019379844961,"kg CO2e/tonnes",6.604733749224805,2022,3999111,8140,91275221.0,4313,"Waste - paper and cardboard recycling "
86.58,681547.0,21.28019379844961,"kg CO2e/tonnes",1.8424391790697672,2022,3999111,8140,91275221.0,4313,"Waste - Dry Mixed Recycling "
1252.34,681547.0,273.0,"kg CO2e/tonnes",341.88881999999995,2022,3999111,8140,91275172.0,4313,"Waste - Clinical - orange "
213.37,681547.0,297.0,"kg CO2e/tonnes",63.37089,2022,3999111,8140,91275175.0,4313,"Waste - Clinical - yellow"
0.2,681547.0,1000.0,"kg CO2e/tonnes",0.2,2022,3999111,8140,91275174.0,4313,"Waste - Clinical - red "
12.62,681547.0,21.28019379844961,"kg CO2e/tonnes",0.268556045736434,2022,3999111,8140,91275185.0,4313,"Waste - glass recycling "
1414.71,681547.0,21.28019379844961,"kg CO2e/tonnes",30.105302968604647,2022,3999111,8140,91275186.0,4313,"Waste - municiple waste to combustion "
6.92,681547.0,8.910581395348837,"kg CO2e/tonnes",0.0616612232558139,2022,3999111,8140,91275212.0,4313,"Waste - gardening to composting "
16.42,681547.0,21.28019379844961,"kg CO2e/tonnes",0.3494207821705426,2022,3999111,8140,91275198.0,4313,"Waste - scrap metal recyling "
8.0,681547.0,0.98470835,"kg CO2e/tonnes",0.0078776668,2022,3999111,8140,91275166.0,4313,"Waste - construction recycled "
0.03,681547.0,21.28019379844961,"kg CO2e/tonnes",0.0006384058139534,2022,3999111,8140,91275267.0,4313,"Waste - fluorescent tubes - lighting "
4.44,681547.0,21.28019379844961,"kg CO2e/tonnes",0.0944840604651162,2022,3999111,8140,91275179.0,4313,"Waste - mattresses - recycled "
0.23,681547.0,21.28019379844961,"kg CO2e/tonnes",0.0048944445736434,2022,3999111,8140,91275265.0,4313,"Waste - batteries - recycled "
0.0,681536.0,0.3407533148647296,"kg CO2e/FTE Working Hour",0.0,2022,3999111,8147,91274946.0,4313,"Home Working - FTE hours not availble to repot "
374.0,681546.0,11.5,"kg CO2e/Room per night",4.301,2022,3999111,8148,91274948.0,4313,"Hotel Stay"
70553.0,681539.0,0.19338,"kg CO2e/kWh",13.64353914,2022,3999111,8136,91274925.0,4313,"Leased Assets - Eletrical Consumption "
352949.0,681539.0,0.1825399999999999,"kg CO2e/kWh",64.42731045999999,2022,3999111,8137,91274938.0,4313,"Leased Assets - Heating Consumption "
42047.0,681545.0,0.112862,"kg CO2e/passenger.km",4.745508514,2022,3999111,8142,91275113.0,4313,"Ferry - procurement "
1.87,681542.0,510.0,"tonnes CO2e",0.9537,2022,3999111,8151,91275275.0,4311,"Isoflurane"
380.76,681542.0,130.0,"tonnes CO2e",49.4988,2022,3999111,8151,91275275.0,4311,"Sevoflurane"
14.3,681542.0,2540.0,"tonnes CO2e",36.4,2022,3999111,8151,91275275.0,4311,"Desflurane "
961.5,681542.0,298.0,"tonnes CO2e",286.527,2022,3999111,8151,91275275.0,4311,"Anaesthetic NO2"
318.74,681542.0,298.0,"tonnes CO2e",94.98452,2022,3999111,8151,91275275.0,4311,"Portable Entonox"
1786.8,681542.0,298.0,"tonnes CO2e",532.4664,2022,3999111,8151,91275275.0,4311,"Maternity Manifold Entonox "
0.264,681540.0,1397.0,"tonnes CO2e",0.3688079999999999,2022,3999111,8151,91275275.0,4311,"F-Gas - R449A"
11.89,681540.0,675.0,"tonnes CO2e",8.02575,2022,3999111,8151,91275275.0,4311,"F - Gas - R32"
54909665.0,681539.0,0.0311,"tonnes CO2e",1707.6905814999998,2022,3999111,8151,91275275.0,4313,"WTT - Natural Gas"
122979.0,681541.0,0.63253,"tonnes CO2e",77.78790687,2022,3999111,8151,91275275.0,4313,"WTT - Gas Oil A2"
3186.0,681541.0,0.52807,"tonnes CO2e",1.68243102,2022,3999111,8151,91275275.0,4313,"WTT - Kerosene"
17805024.0,681539.0,0.03744,"tonnes CO2e",666.6200985600001,2022,3999111,8151,91275275.0,4313,"WTT - Biomass Pellets"
542470.0,681539.0,0.00792,"tonnes CO2e",4.2963624,2022,3999111,8151,91275275.0,4313,"WTT - Biomass chip"
26503723.0,681539.0,0.04625,"tonnes CO2e",1225.79718875,2022,3999111,8151,91275275.0,4313,"WTT - Electricity (generation) "
26503723.0,681539.0,0.00423,"tonnes CO2e",112.11074829,2022,3999111,8151,91275275.0,4313,"WTT - Electricity (T&D) "
280256.0,681543.0,0.05743,"tonnes CO2e",16.09510208,2022,3999111,8151,91275275.0,4313,"WTT - Van Class 1"
1389358.0,681543.0,0.09489,"tonnes CO2e",131.83618062,2022,3999111,8151,91275275.0,4313,"WTT - Van average diesel "
37989.0,681543.0,0.33618,"tonnes CO2e",12.77114202,2022,3999111,8151,91275275.0,4313,"WTT - HGV average laiden"
3863.0,681543.0,0.31349,"tonnes CO2e",1.21101187,2022,3999111,8151,91275275.0,4313,"WTT - HGV rigid 7 to 15 tonnes "
2171642.0,681543.0,0.06737,"tonnes CO2e",146.30352154,2022,3999111,8151,91275275.0,4313,"WTT - Cars small petrol "
177509.0,681538.0,0.01654,"tonnes CO2e",2.93599886,2022,3999111,8151,91275275.0,4313,"WTT - Business Travel - planes"
409257.0,681538.0,0.03632,"tonnes CO2e",14.86421424,2022,3999111,8151,91275275.0,4313,"WTT - Business Travel - taxi's "
140601.0,681538.0,0.00892,"tonnes CO2e",1.25416092,2022,3999111,8151,91275275.0,4313,"WTT - Business Travel - Trains "
13542.0,681538.0,0.02494,"tonnes CO2e",0.33773748,2022,3999111,8151,91275275.0,4313,"WTT - Business Travel - Bus"
6451.0,681538.0,0.025347,"tonnes CO2e",0.163513497,2022,3999111,8151,91275275.0,4313,"WTT - Business Travel - Ferry "
7859979.0,681539.0,0.19338,"kg CO2e/kWh",1519.96273902,2022,3999112,8136,91274925.0,4312,""
24434780.0,681539.0,0.1825399999999999,"kg CO2e/kWh",4460.324741199999,2022,3999112,8137,91274938.0,4311,""
1438627.0,681539.0,0.01053,"kg CO2e/kWh",15.14874231,2022,3999112,8144,91274924.0,4311,""
104775.0,681535.0,0.1,"kg CO2e/cubic metres",10.4775,2022,3999112,8138,91275273.0,4313,"The emission factor differs from DEFRA - (DEFRA is 0.149 for 2022)"
41544.0,681535.0,0.19,"kg CO2e/cubic metres",7.893359999999999,2022,3999112,8138,91275274.0,4313,"The emission factor differs from DEFRA - (DEFRA is 0.272 for 2022)"
0.0,681537.0,2540.0,"kg CO2e/kg",0.0,2022,3999112,8150,91275020.0,4313,"No emissions removed from our process"
79.1,681537.0,130.0,"kg CO2e/kg",10.283,2022,3999112,8150,91275021.0,4311,""
5.25,681537.0,510.0,"kg CO2e/kg",2.6775,2022,3999112,8150,91275022.0,4311,""
1754.0,681537.0,298.0,"kg CO2e/kg",522.692,2022,3999112,8150,91275023.0,4311,""
360.9,681547.0,273.0,"kg CO2e/tonnes",98.5257,2022,3999112,8140,91275172.0,4313,""
53.9,681547.0,297.0,"kg CO2e/tonnes",16.0083,2022,3999112,8140,91275175.0,4313,""
15.5,681547.0,8.910581395348837,"kg CO2e/tonnes",0.1381140116279069,2022,3999112,8140,91275206.0,4313,""
27.2,681547.0,8.910581395348837,"kg CO2e/tonnes",0.2423678139534883,2022,3999112,8140,91275212.0,4313,""
10.0,681547.0,446.2041084203168,"kg CO2e/tonnes",4.462041084203168,2022,3999112,8140,91275187.0,4313,""
233.0,681547.0,21.28019379844961,"kg CO2e/tonnes",4.958285155038759,2022,3999112,8140,91275225.0,4313,"Dry Mixed Recyling"
17.6,681547.0,21.28019379844961,"kg CO2e/tonnes",0.3745314108527132,2022,3999112,8140,91275272.0,4313,"Furniture repurposed"
6.3,681547.0,21.28019379844961,"kg CO2e/tonnes",0.1340652209302325,2022,3999112,8140,91275265.0,4313,""
79.9,681547.0,21.28019379844961,"kg CO2e/tonnes",1.7002874844961238,2022,3999112,8140,91275229.0,4313,"Confidential Waste stream"
351.0,681547.0,21.28019379844961,"kg CO2e/tonnes",7.469348023255813,2022,3999112,8140,91275225.0,4313,"Residual Waste - recycled up to 96%"
0.922,681547.0,8.883271317829458,"kg CO2e/tonnes",0.0081903761550387,2022,3999112,8140,91275167.0,4313,""
6.41,681547.0,297.0,"kg CO2e/tonnes",1.90377,2022,3999112,8140,91275175.0,4313,"Pharmacuitical waste (reported seperate for tracking purposes)"
2.95,681547.0,21.28019379844961,"kg CO2e/tonnes",0.0627765717054263,2022,3999112,8140,91275179.0,4313,"Chemical Waste"
5036.0,681545.0,0.2458699999999999,"kg CO2e/passenger.km",1.23820132,2022,3999112,8142,91275116.0,4313,"Employee"
23297.0,681545.0,0.18362,"kg CO2e/passenger.km",4.27779514,2022,3999112,8142,91275117.0,4313,"Employee"
9100.0,681545.0,0.2458699999999999,"kg CO2e/passenger.km",2.237417,2022,3999112,8142,91275116.0,4313,"Patient out of area transport"
482503.0,681543.0,0.27492,"kg CO2e/miles",132.64972476,2022,3999112,8141,91275079.0,4313,"Business Travel Miles Claimed"
10091.0,681543.0,0.2746499999999999,"kg CO2e/miles",2.7714931499999995,2022,3999112,8141,91275082.0,4313,"Business Travel Miles Claimed"
18823.0,681543.0,0.08272,"kg CO2e/miles",1.55703856,2022,3999112,8141,91275077.0,4314,"Business Travel Miles Claimed"
25004.0,681543.0,0.19318,"kg CO2e/miles",4.83027272,2022,3999112,8141,91275080.0,4313,"Business Travel Miles Claimed"
850039.0,681543.0,0.27436,"kg CO2e/miles",233.2167000400001,2022,3999112,8141,91275081.0,4313,"Business Travel Miles Claimed"
40546.0,681543.0,0.2746499999999999,"kg CO2e/miles",11.1359589,2022,3999112,8141,91275082.0,4311,"Grey Fleet"
41362.0,681543.0,0.27492,"kg CO2e/miles",11.37124104,2022,3999112,8141,91275079.0,4311,"Grey Fleet"
8572.0,681543.0,0.0,"kg CO2e/miles",0.0,2022,3999112,8141,91275083.0,4314,"Grey Fleet"
638832.0,681543.0,0.27436,"kg CO2e/miles",175.26994752000004,2022,3999112,8141,91275081.0,4311,"Grey Fleet"
325.0,681545.0,0.0278099999999999,"kg CO2e/passenger.km",0.00903825,2022,3999112,8142,91275134.0,4313,"Patient out of area transport"
1942.0,681545.0,0.03549,"kg CO2e/passenger.km",0.06892158,2022,3999112,8142,91275135.0,4313,"Patient out of area transport"
1107.0,681545.0,0.10778,"kg CO2e/passenger.km",0.11931246,2022,3999112,8142,91275132.0,4313,"Employee Tranport "
18302.52,681545.0,0.03549,"kg CO2e/passenger.km",0.6495564348,2022,3999112,8142,91275135.0,4313,"Employee Transport "
29350.0,681543.0,0.37268,"kg CO2e/miles",10.938158,2022,3999112,8143,91275151.0,4311,"Fleet"
2000.0,681543.0,0.3433,"kg CO2e/miles",0.6866,2022,3999112,8143,91275152.0,4311,"Fleet"
80650.0,681543.0,0.10019,"kg CO2e/miles",8.0803235,2022,3999112,8143,91275137.0,4314,"Fleet"
227400.0,681543.0,0.27492,"kg CO2e/miles",62.516808,2022,3999112,8141,91275079.0,4311,"Fleet"
3000.0,681543.0,0.27436,"kg CO2e/miles",0.8230800000000001,2022,3999112,8141,91275081.0,4311,"Fleet"
43200.0,681543.0,0.19318,"kg CO2e/miles",8.345376,2022,3999112,8141,91275080.0,4311,"Fleet"
164100.0,681543.0,0.08272,"kg CO2e/miles",13.574352,2022,3999112,8141,91275077.0,4314,"Fleet"
154.38,681537.0,2088.0,"kg CO2e/kg",322.34544,2022,3999112,8139,91275028.0,4311,"F Gas Register "
38.74,681537.0,1774.0,"kg CO2e/kg",68.72476,2022,3999112,8139,91275027.0,4311,"F Gas Register "
52054609.03,681539.0,0.1825399999999999,"kg CO2e/kWh",9502.0483323362,2022,3999113,8137,91274938.0,4311,""
12221338.0,681539.0,0.19338,"kg CO2e/kWh",2363.36234244,2022,3999113,8136,91274925.0,4312,""
12221338.0,681539.0,0.01769,"kg CO2e/kWh",216.19546922,2022,3999113,8136,91274926.0,4313,""
2576448.0,681539.0,0.01053,"kg CO2e/kWh",27.12999744,2022,3999113,8144,91274924.0,4311,""
461917.0,681539.0,0.2567899999999999,"kg CO2e/kWh",118.61566642999998,2022,3999113,8137,91274934.0,4311,""
1.2,681537.0,1430.0,"kg CO2e/kg",1.716,2022,3999113,8139,91275024.0,4311,""
5.5,681537.0,2088.0,"kg CO2e/kg",11.484,2022,3999113,8139,91275028.0,4311,""
3.2,681537.0,1505.0,"kg CO2e/kg",4.816,2022,3999113,8139,91275033.0,4311,""
180.7,681547.0,8.910581395348837,"kg CO2e/tonnes",1.6101420581395347,2022,3999113,8140,91275206.0,4313,""
22.0,681547.0,21.28019379844961,"kg CO2e/tonnes",0.4681642635658914,2022,3999113,8140,91275265.0,4313,""
8.8,681547.0,21.28019379844961,"kg CO2e/tonnes",0.1872657054263566,2022,3999113,8140,91275237.0,4313,""
48.85,681547.0,21.28019379844961,"kg CO2e/tonnes",1.0395374670542634,2022,3999113,8140,91275225.0,4313,""
45.46,681547.0,21.28019379844961,"kg CO2e/tonnes",0.9673976100775192,2022,3999113,8140,91275195.0,4313,""
21.6,681547.0,21.28019379844961,"kg CO2e/tonnes",0.4596521860465116,2022,3999113,8140,91275185.0,4313,""
3.07,681547.0,1000.0,"kg CO2e/tonnes",3.07,2022,3999113,8140,91275174.0,4313,""
442.54,681547.0,273.0,"kg CO2e/tonnes",120.81342,2022,3999113,8140,91275172.0,4313,""
72.98,681547.0,297.0,"kg CO2e/tonnes",21.67506,2022,3999113,8140,91275175.0,4313,""
123777.0,681535.0,0.1,"kg CO2e/cubic metres",12.3777,2022,3999113,8138,91275273.0,4313,""
181798.0,681535.0,0.19,"kg CO2e/cubic metres",34.54162,2022,3999113,8138,91275274.0,4313,""
516969.0,681543.0,0.27492,"kg CO2e/miles",142.12511748,2022,3999113,8141,91275079.0,4313,""
74066.0,681543.0,0.19318,"kg CO2e/miles",14.30806988,2022,3999113,8141,91275080.0,4313,""
18110.0,681543.0,0.0785,"kg CO2e/miles",1.421635,2022,3999113,8141,91275093.0,4313,""
397626.0,681543.0,0.37268,"kg CO2e/miles",148.18725768000002,2022,3999113,8143,91275151.0,4313,""
52249.0,681543.0,1.35282,"kg CO2e/miles",70.68349218,2022,3999113,8143,91275147.0,4313,""
0.0,681537.0,510.0,"kg CO2e/kg",0.0,2022,3999113,8150,91275022.0,4311,""
85.25,681537.0,130.0,"kg CO2e/kg",11.0825,2022,3999113,8150,91275021.0,4311,""
0.0,681537.0,2540.0,"kg CO2e/kg",0.0,2022,3999113,8150,91275020.0,4311,""
487.0,681537.0,298.0,"kg CO2e/kg",145.126,2022,3999113,8150,91275023.0,4311,""
393187.5,681536.0,0.3407533148647296,"kg CO2e/FTE Working Hour",133.97994398837585,2022,3999113,8147,91274946.0,4313,"Based on 5% staff Homeworking a 37.5 hour week"
7.84,681547.0,21.28019379844961,"kg CO2e/tonnes",0.1668367193798449,2022,3999113,8140,91275272.0,4313,""
