emission_type_id,emission_type
8144,Bioenergy
8136,Electricity
8137,Fuels
8145,Heat and steam
8147,Homeworking
8148,Hotel stay
8146,Material use
8150,Process
8139,Refrigerants
8149,Renewables
8141,Transport - car
8142,Transport - public
8143,Transport - van/HGV
8140,Waste
8138,Water
